data_extracao_utc,endpoint_origem,json_path_lista,src__indicador,src__ods,src__slug,src__label,src__unidade,src__descricao,src__metodo,src__objetivolongoprazo,src__justificativaobjetivolongoprazo,src__limiarverde,src__limiarvermelho,src__limiarinferior,src__referencia,src__type
2026-09-01T10:54:12Z,buscarInfoIndicadorIdsc,root,SDG1_1_P_F_CU,1,familias-inscritas-no-cadastro-unico-para-programas-sociais,Famílias inscritas no Cadastro Único para programas sociais,%,Percentual de famílias residentes cadastradas no Cadastro Único com renda familiar per capita de até meio salário mínimo sobre o total de famílias cadastradas. Atualizado anualmente em dezembro.,Número de famílias residentes cadastradas no Cadastro Único com renda familiar per capita de até meio salário mínimo ÷ Número total de famílias residentes cadastradas no Cadástro Único (x100),96.0,,87.0,64.0,48.0,"MDS/Ministério do Desenvolvimento e Assistência Social, Família e Combate a Fome/VIS Data 3 beta",indicator
2026-09-01T10:54:12Z,buscarInfoIndicadorIdsc,root,SDG1_3_COBBF,1,percentual-de-pessoas-inscritas-no-cadastro-unico-que-recebem-bolsa-familia,Percentual de pessoas inscritas no Cadastro Único que recebem Bolsa Família,%,Participação das pessoas que recebem o bolsa família sobre o total de pessoas cadastradas no Cadastro Único. A data de referência para extração do dado é sempre dezembro do ano anterior na Base do CadÚnico.,Número de pessoas que recem o bolsa família ÷ Número de pessoas inscritas no CadÚnico (x100),96.6,,80.5,42.82,22.96,"MDS/Ministério do Desenvolvimento e Assistência Social, Família e Combate a Fome/VIS Data 3 beta",indicator
2026-09-01T10:54:12Z,buscarInfoIndicadorIdsc,root,SDG1_4_PBF,1,percentual-de-pessoas-abaixo-da-linha-da-pobreza-no-cadastro-unico-pos-bolsa-familia,Percentual de pessoas abaixo da linha da pobreza no Cadastro Único pós Bolsa Família,%,Percentual da população abaixo da linha de pobreza após o Bolsa Família.,Quantidade total de pessoas pobres beneficiárias do Programa Bolsa Família (PBF) que permanecem com renda per capita abaixo da linha de pobreza após recebimento dos benefícios do PBF ÷ Quantidade total de pessoas inscritas no Cadastro Único (x100),0.0,,1.0,5.0,10.0,"MDS/Ministério do Desenvolvimento e Assistência Social, Família e Combate a Fome/VIS Data 3 beta",indicator
2026-09-01T10:54:12Z,buscarInfoIndicadorIdsc,root,SDG1_4_R_1_4_SM,1,pessoas-com-renda-de-ate-1-4-do-salario-minimo,Pessoas com renda de até 1/4 do salário mínimo,%,"Percentual da população residente com 10 anos ou mais, com renda de até 1/4 do salário mínimo.",Número total de indivíduos residentes com renda até 1/4 de salário mínimo ÷ População residente com 10 anos ou mais (x100),0.18,,4.45,5.74,15.45,Atlas Brasil,indicator
2026-09-01T10:54:12Z,buscarInfoIndicadorIdsc,root,SDG2_1_OBS_INF,2,obesidade-infantil,Obesidade infantil,%,Percentual de crianças entre 0 e 5 anos classificadas com obesidade (relação peso x altura) sobre o total de crianças nesta faixa etária.,"Indivíduos classificados com obesidade na faixa etária de 0 a 5 anos, conforme SISVAN ÷ Número de crianças na faixa etária de 0 a 5 anos (x100)",0.0,,5.0,10.0,20.0,DataSUS/Relatórios públicos consolidados do SISVAN,indicator
2026-09-01T10:54:12Z,buscarInfoIndicadorIdsc,root,SDG2_2_P_NV_BPN,2,baixo-peso-ao-nascer,Baixo peso ao nascer,%,Percentual de crianças nascidas vivas com menos de 2.499 g sobre o total de nascidos vivos no município.,Número de crianças com baixo peso ao nascer (<=2.499g) ÷ Número total de nascidos vivos no município (x100),0.0,,6.0,11.0,13.0,DataSUS/SINASC,indicator
2026-09-01T10:54:12Z,buscarInfoIndicadorIdsc,root,SDG2_3_DSNT_INF,2,desnutricao-infantil,Desnutrição infantil,%,"Percentual de crianças menores de 5 anos desnutridas sobre o total de crianças nesta faixa etária. Índice de Massa Corporal (Peso X Idade) < que o percentil 0,1.",Número total de crianças menores de 5 anos desnutridas ÷ População de menores que 5 anos (× 100),0.0,,1.0,3.0,5.0,SISVAN,indicator
2026-09-01T10:54:12Z,buscarInfoIndicadorIdsc,root,SDG2_8_AGR_FAM,2,produtores-de-agricultura-familiar-com-apoio-do-pronaf,Produtores de agricultura familiar com apoio do PRONAF,%,"Percentual da unidades agrícolas com financiamento PRONAF. As informações registradas nos Censos Agropecuários são declaratórias, prestadas pelo entrevistado no momento da visita.",Percentual da unidades agrícolas com financiamento PRONAF-B,100.0,,75.0,55.0,6.0,IBGE/Censo Agropecuário 2017,indicator
2026-09-01T10:54:12Z,buscarInfoIndicadorIdsc,root,SDG2_9_AGR_ORG,2,estabelecimentos-que-praticam-agricultura-organica,Estabelecimentos que praticam agricultura orgânica,%,"Percentual de estabelecimentos agrícolas que praticam agricultura orgânica. As informações registradas nos Censos Agropecuários são declaratórias, prestadas pelo entrevistado no momento da visita.",Percentual de estabelecimentos agrícolas que praticam agricultura orgânica,20.0,,7.0,2.0,0.0,IBGE/Censo Agropecuário 2017,indicator
2026-09-01T10:54:12Z,buscarInfoIndicadorIdsc,root,SDG3_1_C_VCN,3,cobertura-vacinal,Cobertura vacinal,%,"Percentual da população alvo imunizada, conforme metodologia da Coordenação Geral do Programa Nacional de Imunizações - CGPNI.","Percentual da população imunizada, conforme metodologia da Coordenação Geral do Programa Nacional de Imunizações - CGPNI. Ver: http://pni.datasus.gov.br/

 

 Extração: 06/05/2023. Referência: Ano de 2022",100.0,,95.0,60.0,40.0,DataSUS/CGPNI - Coordenação Geral do Programa Nacional de Imunizações,indicator
2026-09-01T10:54:12Z,buscarInfoIndicadorIdsc,root,SDG3_13_SCD,3,mortalidade-por-suicidio,Mortalidade por suicídio,100 mil habitantes,Taxa de mortalidade por suicídio.,Número de óbitos (a partir de 10 anos de idade) por lesões autoprovocadas intencionalmente (CID X60-X84) ÷ População total do município (x100.000),0.0,,2.44,15.7,44.2,DataSUS/SIM/Óbitos por causas externas,indicator
2026-09-01T10:54:12Z,buscarInfoIndicadorIdsc,root,SDG3_15_T_M_INF,3,mortalidade-infantil-criancas-menores-de-1-ano,Mortalidade infantil (crianças menores de 1 ano),mil nascidas vivas,Proporção de óbitos de crianças menores de um ano em cada mil crianças nascidas vivas de mães residentes.,Número total de óbitos de crianças com menos de um ano de idade ÷ Número total de nascidos vivos no município (x1.000),0.0,,12.0,19.0,45.0,DataSUS/SINASC,indicator
2026-09-01T10:54:12Z,buscarInfoIndicadorIdsc,root,SDG3_16_M_MAT,3,mortalidade-materna,Mortalidade materna,mil nascidos vivos,"Proporção de óbitos maternos sobre o total de nascidos vivos no município, por mil nascidos vivos.",Número de óbitos maternos ÷ Número total de nascidos vivos no município (x1.000),0.0,,0.61,3.21,6.7,DataSUS/SINASC,indicator
2026-09-01T10:54:12Z,buscarInfoIndicadorIdsc,root,SDG3_17_T_M_5A,3,mortalidade-na-infancia,Mortalidade na infância,mil nascidas vivas,"Taxa de mortalidade na infância (número de óbitos infantis com 0 a 4 anos de idade, por mil nascidos vivos).",Número de óbitos de crianças de 0 a 4 anos de idade ÷ Número total de nascidos vivos no município (x1.000),0.0,,25.0,37.0,50.0,DataSUS/SIM; DataSUS/SINASC,indicator
2026-09-01T10:54:12Z,buscarInfoIndicadorIdsc,root,SDG3_18_T_M_NT,3,mortalidade-neonatal-criancas-de-0-a-27-dias,Mortalidade neonatal (crianças de 0 a 27 dias),mil nascidas vivas,"Taxa de mortalidade neonatal (número de óbitos com idade de 0 a 27 dias, por mil nascidos vivos).",Número de óbitos de crianças residentes de 0 a 27 dias de idade ÷ Número total de nascidos vivos no município (x1.000),0.0,,12.0,20.0,36.0,DataSUS/SINASC,indicator
2026-09-01T10:54:12Z,buscarInfoIndicadorIdsc,root,SDG3_19_T_M_AIDS,3,mortalidade-por-aids,Mortalidade por Aids,100 mil habitantes,"Número de óbitos pela síndrome da imunodeficiência adquirida (Aids), por 100 mil habitantes.",Número de óbitos pela síndrome da imunodeficiência adiquirida (Aids) ÷ População total do município (x100.000),0.0,,6.0,15.0,19.0,DataSUS/SIM; IBGE/Censo 2022,indicator
2026-09-01T10:54:12Z,buscarInfoIndicadorIdsc,root,SDG3_2_INC_DNG,3,incidencia-de-dengue,Incidência de dengue,100 mil habitantes,"Número de casos de dengue prováveis sobre a população total, por 100 mil habitantes. SINAN: casos prováveis por município de residência.",Número de casos prováveis de dengue segundo município de residência do paciente (SINAN) ÷ População total (x100.000),0.0,,138.43,553.72,5386.65,DataSUS/SINAN; IBGE/Censo 2022,indicator
2026-09-01T10:54:12Z,buscarInfoIndicadorIdsc,root,SDG3_22_T_M_DC,3,mortalidade-prematura-por-doencas-cronicas-nao-transmissiveis,Mortalidade prematura por doenças crônicas não-transmissíveis,100 mil habitantes,"Taxa de mortalidade prematura (indivíduos com idade entre 30 e 69 anos) por doenças crônicas não-transmissíveis, por 100 mil habitantes na faixa etária de 30 a 69 anos.","Mortalidade prematura (indivíduos de 30 a 69 anos de idade) por doenças crônicas não transmissíveis CID10: neoplasias (C00 a C97) , diabetes mellitus (E10 a E14), doenças cardiovasculares (I00 a I99) e doenças respiratórias (J30 a J98, exceto J36) ÷ População município de 30 a 69 anos de idade (x100.000)",21.7,,236.0,518.0,700.0,DataSUS/SIM; IBGE/Censo 2022,indicator
2026-09-01T10:54:12Z,buscarInfoIndicadorIdsc,root,SDG3_27_DSP_SAU,3,orcamento-municipal-para-a-saude,Orçamento municipal para a saúde,Reais per capita,"Gasto total do orçamento liquidado municipal em saúde, em reais, per capita.","Gasto total em saúde (SICONFI: ""Despesas por Função""->""Despesas Liquidadas""->""Conta 10-Saúde"") ÷ População total do município",4680.0,,1300.0,476.0,395.0,SICONFI-FINBRA/Despesas por Função; IBGE/Censo 2022,indicator
2026-09-01T10:54:12Z,buscarInfoIndicadorIdsc,root,SDG3_29_SF,3,populacao-atendida-por-equipes-de-saude-da-familia,População atendida por equipes de saúde da família,%,Percentual de cobertura populacional por equipes de saúde da família.,"População atendida por equipes de saúde da família ÷ População total do município (x100).

 

 Extração em 19/5/2023 do mês de Março de 2023.",100.0,,86.0,60.0,0.0,DataSUS/E-Gestor,indicator
2026-09-01T10:54:12Z,buscarInfoIndicadorIdsc,root,SDG3_3_HPT,3,deteccao-de-hepatite,Detecção de hepatite,100 mil habitantes,"Taxa de detecção de hepatite na população total, por 100 mil habitantes.",Número de pessoas com hepatite ÷ População total do município (x100.000),0.0,,10.0,40.0,70.0,DataSUS/SINAN; DataSUS/Estimativas populacionais,indicator
2026-09-01T10:54:12Z,buscarInfoIndicadorIdsc,root,SDG3_3_P_NV_7PN,3,pre-natal-insuficiente,Pré-natal insuficiente,%,Percentual de nascidos vivos cujas mães fizeram menos de 7 consultas pré-natal sobre o total de nascidos vivos no município.,Número de nascidos vivos cujas mães fizeram menos de 7 consultas pré-natal ÷ Número total de nascidos vivos no município (× 100),0.0,,10.0,38.0,59.0,DataSUS/SINASC,indicator
2026-09-01T10:54:12Z,buscarInfoIndicadorIdsc,root,SDG3_32_UBS,3,unidades-basicas-de-saude,Unidades Básicas de Saúde,mil habitantes,"Número de unidades básicas públicas de atendimento em saúde, por mil habitantes.",Número total de unidades básicas de atendimento em saúde no município ÷ População total do município (× 1.000),0.55,,0.08,0.04,0.0,DataSUS/Cadastro Nacional de Estabelecimentos de Saúde; IBGE/Censo 2022,indicator
2026-09-01T10:54:12Z,buscarInfoIndicadorIdsc,root,SDG3_6_ID_MD_M,3,idade-media-ao-morrer,Idade média ao morrer,Anos,Idade média dos óbitos registrados a cada ano nos municípios,Média da idade dos óbitos no Município,75.0,,70.0,65.0,55.0,DataSUS/SIM,indicator
2026-09-01T10:54:12Z,buscarInfoIndicadorIdsc,root,SDG3_8_GRV,3,gravidez-na-adolescencia,Gravidez na adolescência,%,Percentual de nascidos vivos cujas mães tinham 19 anos ou menos sobre o total de nascidos vivos de mães residentes.,Número de nascidos vivos cujas mães tinham 19 anos ou menos ÷ Número total de nascidos vivos no município (× 100),0.0,,9.98,23.46,30.81,DataSUS/SINASC,indicator
2026-09-01T10:54:12Z,buscarInfoIndicadorIdsc,root,SDG3_9_INC_TRB,3,incidencia-de-tuberculose,Incidência de tuberculose,100 mil habitantes,"Incidência de tuberculose, por 100 mil habitantes.",Número de notificações de tuberculose ÷ Número de habitantes (x100.000),0.0,,6.0,60.0,150.0,DataSUS/SINAN; DataSUS/Estimativas populacionais,indicator
2026-09-01T10:54:12Z,buscarInfoIndicadorIdsc,root,SDG4_1_P_EF_INT,4,acesso-a-internet-nas-escolas-do-ensino-fundamental-e-medio-na-rede-publica,"Acesso à internet nas escolas do ensino fundamental e médio, na rede pública",%,Número de escolas do ensino fundamental e médio com acesso à internet sobre o total de escolas públicas (%).,Número de escolas públicas de ensino fundamental e médio com acesso à internet ÷ Número total de escolas públicas no município (× 100),100.0,,95.0,75.0,20.0,INEP/Censo Escolar,indicator
2026-09-01T10:54:12Z,buscarInfoIndicadorIdsc,root,SDG4_4_PCT_CRECHE,4,percentual-de-criancas-de-0-a-3-anos-matriculadas-em-creches,Percentual de crianças de 0 a 3 anos matrículadas em creches,%,Percentual de matrículas de crianças de 0 a 3 anos em creches em relação ao total da população de 0 a 3 anos do Município,Número de matrículas de crianças de 0 a 3 anos na educação infantil ÷ Total de crianças de 0 a 3 anos do Município (x100),100.0,,84.0,40.0,20.0,INEP/Censo Escolar; DataSUS/Estimativas Populacionais; IBGE/Censo 2022,indicator
2026-09-01T10:54:12Z,buscarInfoIndicadorIdsc,root,SDG4_13_P_E_ACS,4,escolas-com-dependencias-adequadas-a-pessoas-com-deficiencia,Escolas com dependências adequadas a pessoas com deficiência,%,"Número de escolas que possuem banheiros, dependências e vias adequadas a pessoas com deficiência e mobilidade reduzida sobre o total de escolas no município.","Total de escolas que possuem banheiros, dependências e vias adequadas a pessoas com deficiência e mobilidade reduzida ÷ Total de escolas públicas no município (× 100)",100.0,,60.0,10.0,0.0,INEP/Censo Escolar,indicator
2026-09-01T10:54:12Z,buscarInfoIndicadorIdsc,root,SDG4_14B_P_E_AEE,4,escolas-com-recursos-para-atendimento-educacional-especializado,Escolas com recursos para Atendimento Educacional Especializado,mil matrículas,Número de escolas com salas de recursos multifuncionais para AEE (Atendimento Educacional Especializado) a cada 1.000 matrículas na Educação Básica,"Número de escolas públicas com salas de recursos multifuncionais para AEE (Atendimento Educacional Especializado) ÷ Número total de matrículas na educação básica, pública, do município (× 1000)",3.69,,1.32,0.25,0.0,INEP/Censo Escolar,indicator
2026-09-01T10:54:12Z,buscarInfoIndicadorIdsc,root,SDG4_15_IDEB_AF,4,indice-de-desenvolvimento-da-educacao-basica-ideb-anos-finais,Índice de Desenvolvimento da Educação Básica (IDEB) - anos finais,IN,Nota do Índice de Desenvolvimento da Educação Básica (IDEB) na rede municipal nos anos finais do ensino fundamental.,Nota do Índice de Desenvolvimento da Educação Básica (IDEB) - Rede municipal - Anos Finais,7.38,,5.25,3.6,2.9,MEC/IDEB,indicator
2026-09-01T10:54:12Z,buscarInfoIndicadorIdsc,root,SDG4_16_IDEB_AI,4,indice-de-desenvolvimento-da-educacao-basica-ideb-anos-iniciais,Índice de Desenvolvimento da Educação Básica (IDEB) - anos iniciais,IN,Nota do Índice de Desenvolvimento da Educação Básica (IDEB) na rede municipal nos anos iniciais do ensino fundamental.,Nota do Índice de Desenvolvimento da Educação Básica (IDEB) - Rede municipal - Anos Iniciais,8.98,,6.65,4.67,3.8,MEC/IDEB,indicator
2026-09-01T10:54:12Z,buscarInfoIndicadorIdsc,root,SDG4_17_JV_EM,4,jovens-entre-18-e-19-anos-de-idade-com-ensino-medio-concluido,Jovens entre 18 e 19 anos de idade com ensino médio concluído,%,Número de jovens entre 18 e 19 anos com ensino médio concluído sobre o total da população nesta faixa etária.,Número de indivíduos de 18 a 19 anos com ensino médio concluído ÷ População de 18 a 19 anos (× 100),100.0,,70.0,42.0,5.0,IBGE/Censo Demográfico 2022,indicator
2026-09-01T10:54:12Z,buscarInfoIndicadorIdsc,root,SDG4_18_D_SUP_EI,4,professores-com-formacao-em-nivel-superior-educacao-infantil-rede-publica,Professores com formação em nível superior - Educação Infantil - rede pública,%,Número de professores da rede pública atuantes na Educação Infantil com formação em nível superior sobre o total de professores da rede pública na educação infantil.,Número de professores da rede pública com formação em nível superior atuantes na educação infantil ÷ Número total de professores da rede pública atuantes na educação infantil (× 100),100.0,,90.0,70.0,40.0,INEP/Censo Escolar,indicator
2026-09-01T10:54:12Z,buscarInfoIndicadorIdsc,root,SDG4_19_D_SUP_EF,4,professores-com-formacao-em-nivel-superior-ensino-fundamental-rede-publica,Professores com formação em nível superior - Ensino Fundamental - rede pública,%,Número de professores da rede pública atuantes no Ensino Fundamental com formação em nível superior sobre o total de professores da rede pública no ensino fundamental.,Número de professores da rede pública com formação em nível superior atuantes no ensino fundamental ÷ Número total de professores da rede pública atuantes no ensino fundamental (× 100),100.0,,96.0,86.0,65.0,INEP/Censo Escolar,indicator
2026-09-01T10:54:12Z,buscarInfoIndicadorIdsc,root,SDG4_26_R_M_D_PE,4,razao-entre-o-numero-de-matriculas-e-professores-na-pre-escola,Razão entre o número de matrículas e professores na pré-escola,Taxa,"Razão entre o número de alunos e professores na pré-escola, rede pública.",Número de alunos na pré-escola ÷ Número de professores na pré-escola,10.0,,12.0,22.0,28.0,INEP/Censo Escolar; Base Única (No. de matrículas),indicator
2026-09-01T10:54:12Z,buscarInfoIndicadorIdsc,root,SDG4_27_R_M_D_EF,4,razao-entre-o-numero-de-matriculas-e-professores-no-ensino-fundamental,Razão entre o número de matrículas e professores no ensino fundamental,Taxa,"Razão entre o número de alunos e professores no ensino fundamental, rede pública.",Número de alunos no ensino fundamental ÷ Número de professores no ensino fundamental,12.0,,15.0,24.0,28.0,INEP/Censo Escolar; Base Única (No. de matrículas),indicator
2026-09-01T10:54:12Z,buscarInfoIndicadorIdsc,root,SDG4_3_TDI_EF_RP,4,taxa-de-distorcao-idade-serie-no-ensino-fundamental-rede-publica,Taxa de distorção idade-série no Ensino Fundamental - rede pública,Taxa,"Indica a proporção de alunos, em cada série, que têm idade de 2 ou mais anos acima da esperada para o ano em que estão matriculados na rede pública..",Razão entre os alunos com dois um mais anos de atraso em cada série ÷ Número de alunos em cada série,0.0,,12.0,30.0,48.0,INEP/Censo Escolar,indicator
2026-09-01T10:54:12Z,buscarInfoIndicadorIdsc,root,SDG4_5_T_AN_15A,4,analfabetismo-na-populacao-com-15-anos-ou-mais,Analfabetismo na população com 15 anos ou mais,%,Percentual da população analfabeta com 15 anos ou mais sobre o total da população nesta faixa etária.,Número de analfabetos com 15 anos ou mais ÷ População com 15 anos ou mais (× 100),0.0,,3.0,17.0,30.0,IBGE/Censo Demográfico 2022,indicator
2026-09-01T10:54:12Z,buscarInfoIndicadorIdsc,root,SDG4_6_EQP_CUL,4,centros-culturais-casas-e-espacos-de-cultura,"Centros culturais, casas e espaços de cultura",100 mil habitantes,"Número de centros culturais, espaços e casas de cultura, públicos e privados, por 100 mil habitantes.","Número de centros culturais, espaços e casas de cultura públicos e privados ÷ População total do município (x100.000)",358.83,,35.28,7.95,0.0,IBGE/MUNIC - Pesquisa de Informações Básicas Municipais 2021,indicator
2026-09-01T10:54:12Z,buscarInfoIndicadorIdsc,root,SDG4_7_FR_E_4A17_AJ,4,criancas-e-jovens-de-4-a-17-anos-na-escola,Crianças e jovens de 4 a 17 anos na escola,%,Percentual de crianças e jovens de 4 a 17 anos na escola sobre o total da população nesta faixa etária.,Número de alunos de 4 a 17 anos que frequentam escolas ou creche ÷ População na faixa etária de 4 a 17 anos (× 100),100.0,,95.0,87.0,82.0,IBGE/Censo Demográfico,indicator
2026-09-01T10:54:12Z,buscarInfoIndicadorIdsc,root,SDG5_3_M_JV_NENT,5,mulheres-jovens-de-15-a-24-anos-de-idade-que-nao-estudam-nem-trabalham,Mulheres jovens de 15 a 24 anos de idade que não estudam nem trabalham,%,Percentual de mulheres jovens de 15 a 24 anos de idade que não estudam nem trabalham sobre o total de mulheres nessa faixa etária.,Número de mulheres jovens de 15 a 24 anos de idade que não estudam nem trabalham ÷ Número de mulheres jovens de 15 a 24 anos de idade (x100),0.83,,20.46,39.4,47.06,IBGE/Censo Demográfico 2010,indicator
2026-09-01T10:54:12Z,buscarInfoIndicadorIdsc,root,SDG5_4_P_VRDR,5,presenca-de-vereadoras-na-camara-municipal,Presença de vereadoras na Câmara Municipal,%,Percentual de vereadoras na Câmara Municipal sobre o total de vereadores.,Número de vereadoras na Câmara Municipal ÷ Número total de vereadores (as) (x100),50.0,,50.0,40.0,30.0,TSE,indicator
2026-09-01T10:54:12Z,buscarInfoIndicadorIdsc,root,SDG5_6_RND_GEN,5,desigualdade-de-salario-por-sexo,Desigualdade de salário por sexo,Razão,Razão do rendimento médio real das mulheres sobre o rendimento médio real dos homens. Valores correntes (em R$) de cada ano.,Salário médio das mulheres ÷ Salário médio dos homens (em valores correntes),1.0,,0.9,0.6,0.5,RAIS/MTE,indicator
2026-09-01T10:54:12Z,buscarInfoIndicadorIdsc,root,SDG5_7_JV_NENT,5,diferenca-percentual-entre-jovens-mulheres-e-homens-que-nao-estudam-e-nem-trabalham,Diferença percentual entre jovens mulheres e homens que não estudam e nem trabalham,Pontos percentuais,Diferença percentual entre mulheres e homens que nem estudam e nem trabalham,Percentual de mulheres que nem estudam e nem trabalham (sobre o total de mulheres) ÷ Percentual de homens que não estudam nem trabalham (sobre o total de homens),0.0,,1.0,13.0,25.0,IBGE/Censo Demográfico 2010,indicator
2026-09-01T10:54:12Z,buscarInfoIndicadorIdsc,root,SDG5_8_TX_FMNC,5,taxa-de-feminicidio,Taxa de feminicídio,100 mil mulheres,"Taxa de feminicídio, por 100 mil mulheres.",Mortalidade por causas externas de mulheres (CID X85-Y09) ÷ Total de mulheres (x100.000),0.0,,1.0,2.0,3.0,DataSUS/SIM; DataSUS/Estimativas Populacionais; IBGE/Censo 2022,indicator
2026-09-01T10:54:12Z,buscarInfoIndicadorIdsc,root,SDG6_1_IN_DRSAI,6,doencas-relacionadas-ao-saneamento-ambiental-inadequado,Doenças relacionadas ao saneamento ambiental inadequado,100 mil habitantes,"Número de internações hospitalares ocorridas em consequência de doenças relacionadas ao saneamento ambiental inadequado (DRSAI), por 100 mil habitantes.",Número de internações hospitalares de DRSAI ÷ População total do município (x100.000),0.0,,136.21,367.43,967.12,DataSUS/SIH,indicator
2026-09-01T10:54:12Z,buscarInfoIndicadorIdsc,root,SDG6_4_PRD_AG,6,perda-de-agua-tratada-na-distribuicao,Perda de água tratada na distribuição,IN,Índice de perdas na distribuição (AE_IN0049 SNIS),Volume de água produzido + Volume de água tratada importado - Volume de água consumido - Volume de serviço ÷ Volume de água produzido + Volume de água tratada importado - Volume de serviço (x100),0.0,,12.1,39.99,72.96,SINISA/Ministério das Cidades,indicator
2026-09-01T10:54:12Z,buscarInfoIndicadorIdsc,root,SDG6_7_ESG_SAN,6,populacao-atendida-com-esgotamento-sanitario,População atendida com esgotamento sanitário,%,"População total atendida com esgotamento sanitário, por 100 habitantes.",(SNIS indicador IN056_AE): População total do município atendida com esgotamento sanitário  ÷ População total do município com abastecimento de água (x100),100.0,,70.0,50.0,0.0,SINISA/Ministério das Cidades,indicator
2026-09-01T10:54:12Z,buscarInfoIndicadorIdsc,root,SDG6_8_CLT_DML,6,indice-de-tratamento-de-esgoto,Índice de tratamento de esgoto,%,Percentual do esgoto tratado sobre o volume de esgoto coletado,Índice de tratamento de esgoto coletado (SNIS indicador IN016_AE);  Esgoto tratado referido ao esgoto coletado IES2004 (SINISA),100.0,,80.0,60.0,0.0,SINISA/Ministério das Cidades,indicator
2026-09-01T10:54:12Z,buscarInfoIndicadorIdsc,root,SDG6_6_SERV_AG,6,populacao-total-atendida-com-abastecimento-de-agua,População total atendida com abastecimento de água,%,"População total atendida com abastecimento de água, por 100 habitantes.",População total atendida com abastecimento de água (SNIS indicador IN055_AE) ÷ População total do município (x100),100.0,,85.0,53.0,0.0,SINISA/Ministério das Cidades,indicator
2026-09-01T10:54:12Z,buscarInfoIndicadorIdsc,root,SDG7_2_ENRG,7,domicilios-com-acesso-a-energia-eletrica,Domicílios com acesso à energia elétrica,%,Percentual de domicílios com acesso à energia elétrica sobre o total de domicílios do município.,Número de domicílios com acesso à energia elétrica ÷ Número total de domicílios no município (x100),100.0,,99.0,90.0,80.0,IBGE/Censo Demográfico 2010,indicator
2026-09-01T10:54:12Z,buscarInfoIndicadorIdsc,root,SDG7_3_VNLENER,7,vulnerabilidade-energetica,Vulnerabilidade Energética,IN,"Indicador que contempla três eixos: (i) acesso físico a fontes de energia, medido, por exemplo, pela existência de conexão ao Sistema Interligado Nacional (SIN), (ii) a posse de equipamentos, como televisão, geladeira, refrigerador e acesso à internet e (iii) a acessibilidade, ou capacidade de pagamento pelo uso da energia, medido pelo peso das depesas com energia na despesa total da residência","De 0,00 a 0,19 - Pobreza Energética Muito Baixa; De 0,20  a 0,39 - Pobreza Energética Baixa; De 0,40 a 0,59 - Pobreza Energética Média; De 0,60 a 0,79, Pobreza Energética Alta; De 0,80 a 1,00, Pobreza Energética Muito Alta",0.23,,0.47,0.73,0.77,AdaptaBrasil,indicator
2026-09-01T10:54:12Z,buscarInfoIndicadorIdsc,root,SDG8_2_OCP_INF,8,populacao-ocupada-entre-10-e-17-anos,População ocupada entre 10 e 17 anos,%,Percentual da população ocupada de 10 a 17 anos.,"Pessoas de 10 a 17 anos de idade, ocupadas na semana de referência ÷ Pessoas de 10 a 17 anos de idade (x100)",0.0,,7.59,25.93,41.32,IBGE/Censo Demográfico 2010,indicator
2026-09-01T10:54:12Z,buscarInfoIndicadorIdsc,root,SDG8_2_PIB_CPT,8,pib-per-capita,PIB per capita,R$ per capita,PIB municipal sobre a população total.,PIB municipal ÷ População municipal,56000.0,,38000.0,23000.0,7300.0,IBGE/PIB dos municipios,indicator
2026-09-01T10:54:12Z,buscarInfoIndicadorIdsc,root,SDG8_3_T_DSC,8,desemprego,Desemprego,Taxa,"O indicador é a taxa de desemprego ou, conforme IBGE comumente se refere, à taxa de desocupação.","Pesoas de 10 anos ou mais, desocupadas na semana de referência ÷ Total da população com 10 anos ou mais (x100)",0.0,,3.0,10.27,15.57,IBGE/Censo Demográfico 2010,indicator
2026-09-01T10:54:12Z,buscarInfoIndicadorIdsc,root,SDG8_4_T_DSC_JV,8,desemprego-de-jovens,Desemprego de jovens,Taxa,Taxa média de desemprego de jovens de 15 a 29 anos.,"Pessoa de 15 a 29 anos, desocupadas na semana de referência ÷ Total da população de 15 a 29 anos",0.0,,5.18,16.94,25.18,IBGE/Censo Demográfico 2010,indicator
2026-09-01T10:54:12Z,buscarInfoIndicadorIdsc,root,SDG8_7_P_JV_NENT,8,jovens-de-15-a-24-anos-de-idade-que-nao-estudam-nem-trabalham,Jovens de 15 a 24 anos de idade que não estudam nem trabalham,%,Percentual de jovens de 15 a 24 anos de idade que não estudam nem trabalham sobre o total de jovens de 15 a 24 anos de idade.,Número de jovens de 15 a 24 anos de idade que não estudam nem trabalham ÷ Número total de jovens de 15 a 24 anos de idade (x100),1.61,,14.76,30.72,38.03,IBGE/Censo Demográfico 2010,indicator
2026-09-01T10:54:12Z,buscarInfoIndicadorIdsc,root,SDG8_9_T_OCUP_FORM,8,ocupacao-formal-das-pessoas-com-16-anos-ou-mais-de-idade,Ocupação formal das pessoas com 16 anos ou mais de idade,%,Taxa de ocupação formal (vínculo formal de trabalho) das pessoas com 16 anos ou mais,"Número de pessoas, com 16 anos ou mais, com vínculo de trabalho formal ativo no dia 31/12 de cada ano  ÷ Número total de pessoas com 16 anos ou mais (x 100)",91.81,,68.19,48.13,38.7,RAIS/MTE; Censo 2022,indicator
2026-09-01T10:54:12Z,buscarInfoIndicadorIdsc,root,SDG9_1_INFRA,9,investimento-publico-em-infraestrutura-urbana-por-habitante,Investimento público em infraestrutura urbana por habitante,R$ per capita,Investimento público em infraestrutura urbana per capita.,"Valor do investimento público em infraestrutura(SICONFI: ""Despesas por Função""->""Despesas Liquidadas""->""Conta->15.451-Infraestrutura urbana"") ÷ Número de habitantes",4091.13,,3382.49,630.68,111.58,SICONFI-FINBRA/IBGE CENSO 2022,indicator
2026-09-01T10:54:12Z,buscarInfoIndicadorIdsc,root,SDG9_2_EMP_INT,9,participacao-dos-empregos-formais-em-atividades-intensivas-em-conhecimento-e-tecnologia,Participação dos empregos formais em atividades intensivas em conhecimento e tecnologia,%,Percentual de empregos em atividades intensiva em conhecimento e tecnologia,"Número de empregos em atividades intensivas em conhecimento e tecnologia (Grupos CNAE2.0: 171, 192, 201, 202, 212, 261-268, 271-275, 279, 282, 291-295, 329, 591, 601,602, 611-613, 619, 642, 651-653, 662, 691, 692, 702, 711, 712, 721, 722, 731, 732, 781, 853, 854, 861, 864, 869 e 951) ÷ Número de empregos total (x 100)",43.28,,14.3,1.92,0.0,RAIS/MTE,indicator
2026-09-01T10:54:12Z,buscarInfoIndicadorIdsc,root,SDG10_1_PREN20,10,renda-municipal-apropriada-pelos-20-mais-pobres,Renda municipal apropriada pelos 20% mais pobres,%,"Percentual da renda municipal detida pelos 20% mais pobres sobre a renda total de todas as faixas. Trata-se do indicador Atlas Brasil ""% indivíduos pertencentes ao quinto mais pobre da distribuição dos indivíduos segundo a renda domiciliar per capita Censo"", elaborado pelas instituições: Atlas do Desenvolvimento Humano no Brasil, Pnud Brasil, Ipea e FJP.",Renda dos 20% mais pobres ÷ Renda total de todas as faixas salariais do município (x100),20.0,,10.0,7.0,1.5,Atlas do Desenvolvimento Humano no Brasil,indicator
2026-09-01T10:54:12Z,buscarInfoIndicadorIdsc,root,SDG10_2_GINI,10,coeficiente-de-gini,Coeficiente de Gini,IN,"O coeficiente de Gini mede o grau de desigualdade na distribuição da renda domiciliar per capita entre os indivíduos. Seu valor pode variar teoricamente desde 0, quando não há desigualdade (as rendas de todos os indivíduos têm o mesmo valor), até 1, quando a desigualdade é máxima (apenas um indivíduo detém toda a renda da sociedade e a renda de todos os outros indivíduos é nula). (IPEA)",Coefiente de Gini por município,0.28,,0.3,0.4,0.63,Atlas do Desenvolvimento Humano no Brasil,indicator
2026-09-01T10:54:12Z,buscarInfoIndicadorIdsc,root,SDG10_20_MINF,10,diferenca-na-taxa-de-mortalidade-infantil-entre-criancas-nascidas-de-maes-pp-e-ba,Diferença na taxa de mortalidade infantil entre crianças nascidas de mães PP e BA,Diferença (entre taxas) (por 1.000 nascidos vivos),Diferença entre as Taxas de Mortalidade Infantil (nascidos de mães PP menos mães BA),DIFERENÇA ENTRE: {Taxa de mortalidade infantil de PP [óbitos infantis de cor/raça PP da mãe ÷ Nascidos vivos de cor/raça PP da mãe] (x1.000)}  ─  {Taxa de mortalidade infantil de BA [óbitos infantis de cor/raça BA da mãe ÷ Nascidos vivos de cor/raça BA da mãe] (x1.000)}.,0.0,,2.0,5.0,10.0,DataSUS/SINASC,indicator
2026-09-01T10:54:12Z,buscarInfoIndicadorIdsc,root,SDG10_21_GRV,10,diferenca-na-taxa-de-gravidez-na-adolescencia-entre-maes-pp-e-ba,Diferença na taxa de gravidez na adolescência entre mães PP e BA,Diferença (entre taxas) (%),Diferença entra as Taxas de Gravidez na Adolescência (de mães PP menos mães BA),"DIFERENÇA ENTRE: {Taxa de gravidez na adolescência de mães PP [Nascidos vidos com mãe de IDADE 10 A 19 ANOS, de cor/raça PP ÷ TOTAL de nascidos vivos com mãe de cor/raça PP (x1000)]}  ─ {Taxa de gravidez na adolescência de mães BA [Nascidos vidos com mãe de IDADE 10 A 19 ANOS, de cor/raça BA ÷ TOTAL de nascidos vivos com mãe de cor/raça BA (x1000)]}. Considera-se raça/cor PP: ""pretas""e ""pardas""; BA: ""brancas"" e ""amarelas"".",0.0,,2.0,5.0,10.0,DataSUS/SINASC,indicator
2026-09-01T10:54:12Z,buscarInfoIndicadorIdsc,root,SDG10_22_ADER,10,diferenca-na-taxa-de-distorcao-idade-serie-nos-anos-iniciais-do-ensino-fundamental-entre-pp-e-b,Diferença na taxa de distorção idade-série nos anos iniciais do Ensino Fundamental entre PP e B,Diferença (em anos),Diferença na TDI entre PP e B nos anos iniciais do EF,DIFERENÇA ENTRE: Taxa de distorção idade-série da população preta e parda nos anos iniciais do Ensino Fundamental na rede Total - Taxa de distorção idade-série da população branca nos anos iniciais no Ensino Fundamental na rede Total,0.0,,1.0,1.5,2.0,INEP/ Censo Escolar 2024,indicator
2026-09-01T10:54:12Z,buscarInfoIndicadorIdsc,root,SDG10_23_ADER,10,diferenca-na-taxa-de-distorcao-idade-serie-nos-anos-finais-do-ensino-fundamental-entre-pp-e-b,Diferença na taxa de distorção idade-série nos anos finais do Ensino Fundamental entre PP e B,Diferença (em anos),Diferença na TDI entre PP e B nos anos finais do EF,DIFERENÇA ENTRE: Taxa de distorção idade-série da população preta e parda nos anos finais do Ensino Fundamental na rede Total - Taxa de distorção idade-série da população branca nos anos finais no Ensino Fundamental na rede Total,0.0,,1.0,1.5,2.0,INEP/Censo Escolar 2024,indicator
2026-09-01T10:54:12Z,buscarInfoIndicadorIdsc,root,SDG10_3_RZHOM,10,diferenca-na-taxa-de-homicidios-entre-pp-e-ba,Diferença na taxa de homicídios entre PP e BA,Diferença (entre taxas) (por 100 mil indivíduos),Diferença entre taxa de homicídios por 100 mil habitantes de PP e taxa de homicídios por 100 mil habitantes de BA.,"DIFERENÇA ENTRE: {Taxa de homicídio de PP [óbitos por causas externas (CID10 X89 a Y09, Y35 e Y36 com vítimas de raça/cor PP ÷ População de raça/cor PP (x100.000)]} ─ {Taxa de homicídio de BA [óbitos por causas externas (CID10 X89 a Y09, Y35 e Y36 com vítimas de raça/cor BA ÷ População de raça/cor BA (x100.000)]}. Considera-se raça/cor PP: ""pretos"", ""pardos""; BA: ""brancos"" e ""amarelos"".",0.0,,1.0,2.5,5.0,DataSUS/SIM,indicator
2026-09-01T10:54:12Z,buscarInfoIndicadorIdsc,root,SDG10_DIF_FEM_NNN,10,diferenca-na-taxa-de-feminicidio-de-mulheres-ppi-e-ba,Diferença na taxa de feminicídio de mulheres PPI e BA,Diferença (entre taxas) (por 100 mil indivíduos),Diferença entre as Taxas de Feminicídio (100 mil mulheres) (PPI menos BA),DIFERENÇA ENTRE: {Taxa de Feminicídio de PPI [óbitos por causas externas (CID10 X89 a Y09 com vítimas mulheres de raça/cor PPI ÷ População de mulheres de raça/cor PPI (x100.000)]} ─ {Taxa de Feminicidio de  BA [óbitos por causas externas (CID10 X89 a Y09 com vítimas mulheres de raça/cor BA ÷ População de mulheres de raça/cor BA (x100.000)]}.,0.0,,1.0,2.5,5.0,DataSUS/SIM,indicator
2026-09-01T10:54:12Z,buscarInfoIndicadorIdsc,root,SDG10_HM_JUV_NNN,10,diferenca-na-taxa-de-homicidio-juvenil-masculino-entre-jovens-ppi-e-ba,Diferença na taxa de homicídio juvenil masculino entre jovens PPI e BA,Diferença (entre taxas) (por 100 mil indivíduos),Diferença entre as Taxas de Homicídio juvenil (15 a 29 anos) masculino (100 mil habitantes) (PPI menos BA),"DIFERENÇA ENTRE: {Taxa de homicídio juvenil de PPI [óbitos por causas externas (CID10 X89 a Y09, Y35 e Y36 com vítimas de raça/cor PPI, sexo masculino e idade de 15 a 29 anos ÷ População de raça/cor PPI, de sexo masculino e idade entre 15 a 29 anos(x100.000)]} ─ {Taxa de homicídio juvenil de BA [óbitos por causas externas (CID10 X89 a Y09, Y35 e Y36 com vítimas de raça/cor BA, sexo masculino e idade entre 15 a 29 anos ÷ População de raça/cor BA, de sexo masculino e idade entre 15 a 29 anos (x100.000)]}.",0.0,,1.0,2.5,5.0,DataSUS/SIM,indicator
2026-09-01T10:54:12Z,buscarInfoIndicadorIdsc,root,SDG10_6_RND_NGR,10,razao-do-rendimento-medio-real,Razão do rendimento médio real,Razão (R$),Razão do rendimento médio real entre PP e BA.,Rendimento médio real de PP ÷ Rendimento médio real de BA,1.0,,0.9,0.5,0.3,IBGE/Censo Demográfico 2010,indicator
2026-09-01T10:54:12Z,buscarInfoIndicadorIdsc,root,SDG10_4_ACEQP,10,acesso-a-equipamentos-da-atencao-basica-a-saude,Acesso a equipamentos da atenção básica à saúde,%,"Percentual de domicílios em assentamentos precários a mais de 1km de equipamentos de atenção básica. Foi considerada a ""Distância do Aglomerado Subnormal para o estabelecimento de saúde de atenção primária mais próximo"".",Número de domicílios em assentamentos precários a mais de 1 km de equipamento de atenção básica à saúde ÷ Número de domicílios em assentamentos precários (x100),0.0,,2.0,30.0,100.0,IBGE/Censo Demográfico 2010,indicator
2026-09-01T10:54:12Z,buscarInfoIndicadorIdsc,root,SDG10_35_VLC_LGBT,10,violencia-contra-a-populacao-lgbtqia,Violência contra a população LGBTQIA+,100 mil habitantes,Violência contra LGBTQI+,Número de notificações de violações dos DHs contra população LGBTQIA+ ÷ Número de habitantes (x100.000),0.0,,0.5,6.0,18.0,Disque Direitos Humanos (Disque 100)/Ministério dos Direitos Humanos e Cidadania; IBGE/Censo Demográfico 2022,indicator
2026-09-01T10:54:12Z,buscarInfoIndicadorIdsc,root,SDG10_PVCM_NNN,10,percentual-de-vereadores-eleitos-ppi,Percentual de vereadores eleitos PPI,%,"Percentual de Vereadores eleitos Pretos, Pardos e Indígenas",Total de Vereadores e vereadoras de raça/cor PPI ÷ Total de vereadores e vereadoras (x100),50.0,,50.0,40.0,30.0,TSE,indicator
2026-09-01T10:54:12Z,buscarInfoIndicadorIdsc,root,SDG11_3_VN1H,11,percentual-da-populacao-de-baixa-renda-com-tempo-de-deslocamento-ao-trabalho-superior-a-uma-hora,Percentual da população de baixa renda com tempo de deslocamento ao trabalho superior a uma hora,%,Percentual de pessoas que vivem em domicílios com renda per capita inferior a meio salário mínimo (em 2010) e que levam mais de uma hora até o trabalho.,"Número de pessoas ocupadas, de 10 anos ou mais de idade, que vivem em domicílios com renda per capita inferior a meio salário mínimo, de agosto de 2010, e que gastam mais de uma hora em deslocamento até o local de trabalho ÷ Total de pessoas ocupadas nessa faixa etária que vivem em domicílios com renda per capita inferior a meio salário mínimo, de agosto de 2010, e que retornam diariamente ao trabalho (x100)",0.0,,5.0,15.0,35.0,Atlas do Desenvolvimento Humano no Brasil,indicator
2026-09-01T10:54:12Z,buscarInfoIndicadorIdsc,root,SDG11_33_M_TRNS,11,mortes-no-transito,Mortes no trânsito,100 mil habitantes,"Número de mortes em acidentes de trânsito (CID10 V01-V99), por 100 mil habitantes.",Total de mortes no trânsito (CID10 V01-V99) ÷ População total do município (x100.000),0.0,,6.8,29.08,72.86,DataSUS/SIM/Óbitos por causas externas,indicator
2026-09-01T10:54:12Z,buscarInfoIndicadorIdsc,root,SDG11_4_P_P_SUBN,11,populacao-residente-em-favelas-e-comunidades-urbanas,População residente em favelas e comunidades urbanas,%,Percentual da população urbana que reside em favelas e comunidades urbanas (aglomerados subnormais) em relação à população total do município. População residente em Favelas e comunidades urbanas (2022) e aglomerados subnormais (2019).,Número de indivíduos residentes em favelas e comunidades urbanas ÷ População total do município (x100),0.0,,0.8,5.0,22.0,IBGE/Aglomerados Subnormais (2019); IBGE/Censo Demográfico 2022,indicator
2026-09-01T10:54:12Z,buscarInfoIndicadorIdsc,root,SDG11_5_DMC_FVL,11,domicilios-em-favelas-e-comunidades-urbanas,Domicílios em favelas e comunidades urbanas,%,Total de domicílios em favelas e comunidades urbanas sobre o total de domicílios.,Total de domicílios em favelas e comunidades urbanas ÷ Total de domicílios (x100),0.0,,1.04,5.55,13.12,IBGE/Aglomerados Subnormais (2019); IBGE/Censo Demográfico 2022,indicator
2026-09-01T10:54:12Z,buscarInfoIndicadorIdsc,root,SDG11_5_EQP_ESP,11,equipamentos-esportivos-municipais,Equipamentos esportivos municipais,100 mil habitantes,Número total de equipamentos esportivos públicos sob gestão municipal para cada 100 mil habitantes.,Número total de equipamentos esportivos públicos sob gestão municipal ÷ População total do município (x100.000),142.51,,28.66,6.61,0.0,IBGE/MUNIC - Pesquisa de Informações Básicas Municipais - versão 2021,indicator
2026-09-01T10:54:12Z,buscarInfoIndicadorIdsc,root,SDG12_2_RSD_SLD,12,residuos-solidos-domiciliares-coletados-per-capita,Resíduos sólidos domiciliares coletados per capita,kg/dia/habitante,Massa de resíduos domiciliares e públicos (rdo+rpu) coletada per capita em relação à população total atendida pelo serviço de coleta. Índice calculado pelo SNIS. Referência: RS-IN028.,Massa de resíduos domiciliares e públicos (rdo+rpu) coletada per capita em relação à população total atendida pelo serviço de coleta (IRS1005 do SINISA),1.0,,1.5,2.0,3.2,SINISA/Ministério das Cidades,indicator
2026-09-01T10:54:12Z,buscarInfoIndicadorIdsc,root,SDG12_3_RSUREC,12,recuperacao-de-residuos-solidos-urbanos-coletados-seletivamente,Recuperação de resíduos sólidos urbanos coletados seletivamente,%,Taxa de recuperação de materiais recicláveis (exceto matéria orgânica e rejeitos) em relação à quantidade total coletada (RS_IN031-SNIS). Índice calculado pelo SNIS.,Materiais recicláveis recuperados ÷ Materiais recicláveis coletados (x100),60.01,,25.48,3.74,0.0,SINISA/Ministério das Cidades,indicator
2026-09-01T10:54:12Z,buscarInfoIndicadorIdsc,root,SDG12_9_CLT_SEL,12,populacao-atendida-com-coleta-seletiva,População atendida com coleta seletiva,%,População urbana  atendida com coleta seletiva sobre a população urbana total (RS_IN030-SNIS),População urbana do município atendida com a coleta seletiva ÷ População urbana total (x100) - (IRS0005 do SINISA),100.0,,70.0,60.0,0.0,SINISA/Ministério das Cidades,indicator
2026-09-01T10:54:12Z,buscarInfoIndicadorIdsc,root,SDG13_2_CO2,13,emissoes-de-coe-per-capita,Emissões de CO²e per capita,ton de CO²e per capita,Emissões Líquidas de CO2 (t) (GWP - AR6) por habitante,"Emissões Líquidas (quantidade de CO2 emitido - quantidade de CO2 removido, em CO2 (t) GWP - AR6)  ÷ População do município",0.0,,2.0,4.0,20.0,Sistema de Estimativas de Emissões e Remoções de Gases de Efeito Estufa (SEEG); IBGE/Censo Demográfico 2022,indicator
2026-09-01T10:54:12Z,buscarInfoIndicadorIdsc,root,SDG13_3_FCCLR,13,concentracao-de-focos-de-queimadas,Concentração de focos de queimadas,mil focos,Participação do município no total de queimadas do Brasil.,Número de focos de queimadas identificados no município ÷ Número de focos de queimadas identificados no Brasil (x1.000),0.0,,0.18,1.05,1.63,INPE-Programa Queimadas-Dados Abertos-Focos de Queimadas e Incêndios,indicator
2026-09-01T10:54:12Z,buscarInfoIndicadorIdsc,root,SDG13_4_PREV,13,estrategias-para-gestao-de-riscos-e-prevencao-a-desastres-ambientais,Estratégias para gestão de riscos e prevenção a desastres ambientais,%,"O indicador consiste na quantidade de respostas às estratégias igual a ""Sim"" (adotadas) dividido pelo total de 25 estratégias recomendadas.",Número de estratégias adotadas ÷ Número de estratégias recomendadas (25) (x100),100.0,,80.0,20.0,0.0,IBGE/MUNIC - Pesquisa de Informações Básicas Municipais,indicator
2026-09-01T10:54:12Z,buscarInfoIndicadorIdsc,root,SDG16_TRANSP,16,grau-de-estruturacao-das-politicas-de-transparencia,Grau de estruturação das políticas de transparência,%,Proporção de instrumentos de transparêcia governamental.,Número de instrumentos e políticas de transparência existentes no município ÷ Número de instrumentos e políticas de transparência disponíveis (5 no total) (x100),100.0,,80.0,20.0,0.0,IBGE/MUNIC - Pesquisa de Informações Básicas Municipais,indicator
2026-09-01T10:54:12Z,buscarInfoIndicadorIdsc,root,SDG17_1_INVST_PB,17,investimento-publico,Investimento público,R$ per capita,"Investimento público per capita, por município.","Investimento público por município (SICONFI: ""Despesas Orçamentárias""->""Despesas Liquidadas"" ->""Conta: 4.4.00.00.00.00 - Investimentos"") ÷ Número de habitantes",2253.88,,563.26,239.11,60.79,SICONFI,indicator
2026-09-01T10:54:12Z,buscarInfoIndicadorIdsc,root,SDG11_6_NGR_SUBN,11,percentual-da-populacao-pp-em-favelas-e-comunidades-urbanas,Percentual da população PP em favelas e comunidades urbanas,%,Percentual da população PP em em favelas e comunidades urbanas.,Número de PP em em favelas e comunidades urbanas ÷ Total da população em em favelas e comunidades urbanas (x100),0.0,,1.0,5.0,27.0,IBGE/Censo Demográfico 2022,indicator
2026-09-01T10:54:12Z,buscarInfoIndicadorIdsc,root,SDG13_PDAR,13,proporcao-de-domicilios-em-areas-de-risco,Proporção de domicílios em áreas de risco,,"Indicador de domicílios particulares permanentes expostos a desastres naturais. Dado oriundo da Base Territorial Estatística de Áreas de Risco (BATER), gerado pelo IBGE no ano de 2018 em consórcio com instituições que produzem as áreas de risco, como a CPRM. A produção do BATER foi produto da associação de dados sociodemográficos às áreas de risco de inundações, enxurradas e movimentos de massa para os municípios monitorados pelo CEMADEN. A produção do BATER constitui um dos principais eixos da prevenção aos desastres naturais do Plano Nacional de Gestão de Riscos e Respostas a desastres. Este indicador foi elaborado pelo cômputo do total de domicílios permanentes em áreas de risco para cada município. A normalização dos valores considerou apenas o conjunto de municípios que continham domicílios em áreas de risco, sendo atribuído o valor 0,3 como valor mínimo e 1 como valor máximo. Aos municípios sem domicílios mapeados em áreas de risco foi atribuído o valor zero. Foi aplicada a técnica de winsorization para o tratamento de outliers ao conjunto de municípios que continham domicílios em áreas de risco.",Proporção de domicílios em áreas de risco,0.0,,0.19,0.8,1.0,"Sistema de Informações e Análises sobre Impactos das Mudanças Climáticas - AdaptaBrasil MCTI.

IBGE, Instituto Brasileiro de Geografia e Estatística. População em áreas de risco no Brasil. Rio de Janeiro, RJ: IBGE, 2018.IBGE, Instituto Brasileiro de Geografia e Estatística. População em áreas de risco no Brasil. Rio de Janeiro, RJ: IBGE, 2018.

PBMC, 2016: Mudanças Climáticas e Cidades. Relatório Especial do Painel Brasileiro de Mudanças Climáticas [Ribeiro, S.K., Santos, A.S. (Eds.)]. PBMC, COPPE – UFRJ. Rio de Janeiro, Brasil. 98p.

INTERGOVERNMENTAL PANEL ON CLIMATE CHANGE - IPCC. Climate Change 2014: Synthesis Report. Working Groups I, II and III to the Fifth Assessment Report of the Intergovernmental Panel on Climate Change [Core Writing Team, R.K. Pachauri and L.A. Meyer (eds.)]. IPCC, Geneva, Switzerland, 151 pp.",indicator
2026-09-01T10:54:12Z,buscarInfoIndicadorIdsc,root,SDG13_6_TRNS_SL,13,percentual-do-municipio-desflorestado,Percentual do município desflorestado,%,Percentual de áreas convertidas (hectares de cobertura florestal + hectares de áreas naturais não florestais destinados para a agropecuária ou que se transformaram em áreas não vegetadas) sobre a área total do município (em hectares). Dados são do MapBiomas: https://mapbiomas.org/estatisticas.,"Áreas convertidas (ha) ÷ Área total do município (ha) (x100)

Dados são do MapBiomas: https://mapbiomas.org/estatisticas: (Base--> Cobertura e transições municípios)

(Filtro--> ""From_class"": 3, 4, 5, 11, 12, 13, 23, 33, 50; ""To_class"": 15,20,21, 24, 25, 31, 41, 48)",0.0,,0.05,0.5,1.5,MapBiomas,indicator
2026-09-01T10:54:12Z,buscarInfoIndicadorIdsc,root,SDG14_1_ESGT,14,esgoto-tratado-antes-de-chegar-ao-mar-rios-e-corregos,"Esgoto tratado antes de chegar ao mar, rios e córregos",%,"Percentual do esgoto tratado antes de chegar ao mar, rios e córregos sobre o total de esgoto que chega ao mar.","Número total, em metros cúbicos (m³), de esgoto tratado antes de chegar ao mar, rios e córregos ÷ Número total, em metros cúbicos (m³), esgoto total que chegar ao mar, rios e córregos (x100)",100.0,,70.0,40.0,0.0,Atlas Esgotos/SNIRH/ANA,indicator
2026-09-01T10:54:12Z,buscarInfoIndicadorIdsc,root,SDG15_2_FLOR,15,hectare-de-areas-florestadas-e-naturais-por-habitante,Hectare de áreas florestadas e naturais por habitante,Ha/hab,"Taxa de formações florestais naturais por habitante. 

Dados são do MapBiomas: https://mapbiomas.org/estatisticas: Áreas Florestadas e Naturais (ha) dividido pela população do ano correspondente.","Tabela ""Cobertura Municípios"" MapBiomas: Level 1=Classe 1-Floresta (ha) + Level1=Classe 2-Formação Natural não Florestal (ha) ÷ População total do ano subsequente",146.6,,25.25,8.94,0.15,MapBiomas; IBGE/Censo Demográfico 2022,indicator
2026-09-01T10:54:12Z,buscarInfoIndicadorIdsc,root,SDG15_8_UNI_CNS,15,unidades-de-conservacao-de-protecao-integral-e-uso-sustentavel,Unidades de conservação de proteção integral e uso sustentável,%,"Proporção do território ocupado por Unidades de Conservação de proteção integral e uso sustentável (municipais, estaduais e federais).",Área delimitada por unidades de conservação de proteção integral e uso sustentável ÷ Área total do município (x100),100.0,,28.69,7.97,0.0,Ministério do Meio Ambiente,indicator
2026-09-01T10:54:12Z,buscarInfoIndicadorIdsc,root,SDG15_PRTAMB,15,grau-de-maturidade-dos-instrumentos-de-financiamento-da-protecao-ambiental,Grau de maturidade dos instrumentos de financiamento da proteção ambiental,%,Proporção de instrumentos de gestão e financiamento da proteção ambiental.,Número de instrumentos de financiamento da proteção existente no município ÷ Número de instrumentos de financiamento da proteção ambiental disponíveis (5 no total) (x100),100.0,,80.0,20.0,0.0,IBGE/MUNIC - Pesquisa de Informações Básicas Municipais,indicator
2026-09-01T10:54:12Z,buscarInfoIndicadorIdsc,root,SDG16_1_OB_HM,16,homicidio-juvenil-masculino,Homicídio juvenil masculino,100 mil habitantes,"Número de óbitos por causa externa (CID X89 a Y09, Y35 e Y36), sexo masculino, na faixa etária de 15 a 29 anos (inclusive) ocorridos no município, por 100 mil habitantes do sexo masculino, de 15 a 29 anos.","Número total de mortes por homicídio de jovens homens com idade entre 15 e 29 anos (CID10 X89 a Y09, Y35 e Y36) ÷ População masculina na faixa etária de 15 a 29 anos (x100.000)",0.0,,0.5,4.0,22.0,DataSUS/SIM,indicator
2026-09-01T10:54:12Z,buscarInfoIndicadorIdsc,root,SDG16_4_TX_HMC,16,taxa-de-homicidio,Taxa de homicídio,100 mil habitantes,"Número de mortes por homicídio ocorridos no município, por 100 mil habitantes.","Número total de mortes por homicídio (CID10 X89 a Y09, Y35 e Y36) ÷ População total (x100.000)",0.0,,1.5,3.0,38.0,DataSUS/SIM/Óbitos por causas externas,indicator
2026-09-01T10:54:12Z,buscarInfoIndicadorIdsc,root,SDG16_3_M_ARM_FG,16,mortes-por-armas-de-fogo,Mortes por armas de fogo,100 mil habitantes,"Número de óbitos por armas de fogo por homicídio (CID10: X93, X94 e X95) por 100 mil habitantes.","Número de óbitos por armas de fogo por homicídio (CID10: X93, X94 e X95) ÷ População total do município (x100.000)",0.0,,0.25,1.0,1.5,DataSUS/SIM/Óbitos por causas externas,indicator
2026-09-01T10:54:12Z,buscarInfoIndicadorIdsc,root,SDG16_CRP,16,grau-de-estruturacao-da-politica-de-controle-interno-e-combate-a-corrupcao,Grau de estruturação da política de controle interno e combate à corrupção,%,Proporção de instrumentos da política de controle interno e combate à corrupção.,Número de instrumentos e políticas de controle interno e combate à corrupção  existentes no município ÷ Número de instrumentos e políticas de controle interno e combate à corrupção disponíveis (7 no total) (x100),100.0,,80.0,20.0,0.0,IBGE/MUNIC - Pesquisa de Informações Básicas Municipais,indicator
2026-09-01T10:54:12Z,buscarInfoIndicadorIdsc,root,SDG16_DRTHMN,16,grau-de-estruturacao-das-politicas-de-participacao-e-promocao-de-direitos-humanos,Grau de estruturação das políticas de participação e promoção de direitos humanos,%,Proporção de instrumentos de políticas de participação e direitos humanos.,Número de conselhos temáticos existentes no município ÷ Número total de conselhos disponíveis (7 no total) (x100),100.0,,80.0,20.0,0.0,IBGE/MUNIC - Pesquisa de Informações Básicas Municipais,indicator
2026-09-01T10:54:12Z,buscarInfoIndicadorIdsc,root,SDG17_3_P_RC_TRB,17,total-de-receitas-municipais-arrecadadas,Total de receitas municipais arrecadadas,%,Valor de receitas propriamente municipais arrecadadas sobre o total de receitas do município,"Valor de receitas propriamente municipais arrecadadas (SICONFI:: ""Receita orçamentária""->""Receitas brutas realizadas""->""Conta 1.1.0.0.00.0.0-Impostos, Taxas e Contribuições de melhoria"" ÷ Valor total de receitas do município (SICONFI:""Receita orçamentária""->""Receitas brutas realizadas""->""Total das receitas"") (x100)",51.35,,19.73,3.9,1.19,SICONFI,indicator
